<?xml version="1.0" encoding="UTF-8"?>
<beans xmlns="http://www.springframework.org/schema/beans"
       xmlns:mvc="http://www.springframework.org/schema/mvc"
       xmlns:context="http://www.springframework.org/schema/context"
       xmlns:util="http://www.springframework.org/schema/util"
       xmlns:xsi="http://www.w3.org/2001/XMLSchema-instance"
       xsi:schemaLocation="http://www.springframework.org/schema/beans http://www.springframework.org/schema/beans/spring-beans.xsd
       http://www.springframework.org/schema/mvc
       http://www.springframework.org/schema/mvc/spring-mvc.xsd
       http://www.springframework.org/schema/util
       http://www.springframework.org/schema/util/spring-util.xsd
       http://www.springframework.org/schema/context
       http://www.springframework.org/schema/context/spring-context.xsd">

    <!-- component scan -->
    <context:component-scan base-package="com.esnotify.controller"/>
    <context:component-scan base-package="com.esnotify.repository**"/>
    <context:component-scan base-package="com.esnotify.service"/>
    <context:component-scan base-package="com.esnotify.config"/>

    <!-- 확장 기능 사용 -->
    <mvc:annotation-driven/>
    <context:annotation-config/>

    <!-- properties 등록 -->
    <util:properties id="config" location="classpath:config.properties"/>
    <!-- quartz 설정-->
    <bean id="scheduleJob" class="com.esnotify.schedule.ScheduleJob" abstract="true">
        <property name="esIndexService" ref="esIndexService"/>
    </bean>
    <!-- 2개의 스케쥴 job 등록 -->
    <bean id="lookupRadicalChange" class="org.springframework.scheduling.quartz.JobDetailFactoryBean">
        <property name="jobClass" value="com.esnotify.schedule.job.LookupRadicalChangeJob"/>
        <property name="durability" value="true"/>
        <property name="applicationContextJobDataKey" value="applicationContext"/>
    </bean>
    <bean id="changeThreshold" class="org.springframework.scheduling.quartz.JobDetailFactoryBean">
        <property name="jobClass" value="com.esnotify.schedule.job.ChangeThresholdJob"/>
        <property name="durability" value="true"/>
        <property name="applicationContextJobDataKey" value="applicationContext"/>
    </bean>
    <!--
    trigger 등록
    job의 interval 설정
    -->
    <bean id="cronTrigger1" class="org.springframework.scheduling.quartz.CronTriggerFactoryBean">
        <property name="jobDetail" ref="lookupRadicalChange"/>
        <property name="cronExpression" value="0 */10 * * * ?" />
    </bean>
    <bean id="cronTrigger2" class="org.springframework.scheduling.quartz.CronTriggerFactoryBean">
        <property name="jobDetail" ref="changeThreshold"/>
        <property name="cronExpression" value="0 0 */2 * * ?" />
    </bean>

    <bean id="scheduler" class="org.springframework.scheduling.quartz.SchedulerFactoryBean">
        <property name="triggers">
            <list>
                <!--<ref bean="cronTrigger1"/>-->
                <!--<ref bean="cronTrigger2"/>-->
            </list>
        </property>
    </bean>
    <!--Startup 함수 등록-->
    <!--<bean id="startUp" class="com.esnotify.StartUpHandler" init-method="init"/>-->


     <!--baen 등록-->
     <!--Static Value 사용 가능하도록 bean화 하여 상주시킴 -->
    <bean class="com.esnotify.utility.ValueGetterUtil"/>

    <bean id="esIndexService" class="com.esnotify.service.ESIndexService"/>

</beans>